{"count":1,"self":1205.7090048,"total":3211.9991099999997,"children":{"InitializeActuators":{"count":1,"self":0.0018969999999999998,"total":0.0018969999999999998,"children":null},"InitializeSensors":{"count":1,"self":0.0034089999999999997,"total":0.0034089999999999997,"children":null},"AgentSendState":{"count":2294434,"self":30.1214464,"total":56.341770999999994,"children":{"CollectObservations":{"count":458887,"self":1.119137,"total":1.119137,"children":null},"WriteActionMask":{"count":458887,"self":0.667518,"total":0.667518,"children":null},"RequestDecision":{"count":458887,"self":2.96494,"total":24.433671,"children":{"AgentInfo.ToProto":{"count":458887,"self":2.9696469999999997,"total":21.468731,"children":{"GenerateSensorData":{"count":458887,"self":17.5766,"total":18.499084,"children":{"RayPerceptionSensor.Perceive":{"count":458887,"self":0.922484,"total":0.922484,"children":null}}}}}}}}},"DecideAction":{"count":2294434,"self":1938.382848,"total":1938.3827789999998,"children":null},"AgentAct":{"count":2294434,"self":11.5362152,"total":11.543503999999999,"children":{"AgentInfo.ToProto":{"count":184,"self":0.000909,"total":0.0072889999999999995,"children":{"GenerateSensorData":{"count":184,"self":0.0060349999999999996,"total":0.0063799999999999994,"children":{"RayPerceptionSensor.Perceive":{"count":184,"self":0.000345,"total":0.000345,"children":null}}}}}}},"AgentInfo.ToProto":{"count":373,"self":0.002789,"total":0.016686,"children":{"GenerateSensorData":{"count":373,"self":0.013061999999999999,"total":0.013897,"children":{"RayPerceptionSensor.Perceive":{"count":373,"self":0.00083499999999999991,"total":0.00083499999999999991,"children":null}}}}}},"gauges":{"SimpleRunner.CumulativeReward":{"count":557,"max":-66.98588,"min":-2943.922,"runningAverage":-268.315979,"value":-79.85254,"weightedAverage":-110.277641}},"metadata":{"timer_format_version":"0.1.0","start_time_seconds":"1635262951","unity_version":"2021.1.25f1","command_line_arguments":"\/Applications\/Unity\/Hub\/Editor\/2021.1.25f1\/Unity.app\/Contents\/MacOS\/Unity -projectpath \/Users\/webber\/dev\/proj\/EggRunners -useHub -hubIPC -cloudEnvironment production -licensingIpc LicenseClient-webber -hubSessionId 454ad7c0-3627-11ec-9be2-5dac6e6ee062 -accessToken wWjCfXxs-fSQuVoFbxMQ7LqIKNMDMIOS26D2GgRHu9M012f","communication_protocol_version":"1.5.0","com.unity.ml-agents_version":"2.1.0-exp.1","scene_name":"AgentTrainingScene_1","end_time_seconds":"1635266163"}}